{"totalESGScore": 59.97250000000001, "totalEnvironmentalScore": 57.925, "totalSocialScore": 58.7225, "totalGovernanceScore": 63.27250000000001}